model_file,model_id,f2_score,accuracy,precision,recall,training_time,num_channels
D:/Downloads/amazon/models/aggregate_model_20170511-150149.h5,JAGG_1,0.889447343677,0.950814579815,0.90257060503,0.795161877203,0 days 00:07:02.069000000,4
D:/Downloads/amazon/models/aggregate_model_20170511-180931.h5,JAGG_1,0.896287303264,0.953406775114,0.905887272778,0.808537702591,0 days 01:20:40.819000,3
D:/Downloads/amazon/models/aggregate_model_20170511-220711.h5,JAGG_1,0.893897184788,0.952527064601,0.905943645914,0.802766993738,0 days 01:40:52.325000,4
D:/Downloads/amazon/models/aggregate_model_20170512-092940.h5,JAGG_1,0.884608944271,0.950598947062,0.901833317926,0.794458761985,0 days 01:40:18.884000,4
D:/Downloads/amazon/models/aggregate_model_20170512-115655.h5,JAGG_1,0.888757693386,0.949077114778,0.903689213179,0.782218234218,0 days 02:06:06.810000,4
D:/Downloads/amazon/models/aggregate_model_20170513-221253.h5,JAGG_2,0.901045229438,0.960192306477,0.918305537217,0.839199892547,0 days 03:21:08.445000,3
